"docketId","docketType","lastModifiedDate","agencyId","title","objectId"
"EPA-R05-OAR-2005-IN-0001","Rulemaking","2011-06-12T21:48:12Z","EPA","Revision to the IN Ozone SIP for Transwheel Corporation in Huntington County, Indiana","0b000064800a75d4"
"EPA-R06-OAR-2007-0523","Rulemaking","2011-06-12T21:48:28Z","EPA","TX062 Texas Revisions to 30 TAC Chapter 117, Control of Air Pollution from Nitrogen Compounds: NOx Controls for Dallas-Fort Worth Area Eight-Hour Ozone Attainment Demonstration and Revisions to Residential Water Heater Rules, submitted to EPA May 30, 2007 (TX-241, 7-27)","0b0000648025415f"
"EPA-R06-RCRA-2012-0138","Rulemaking","2014-06-24T11:04:36Z","EPA","ExxonMobil Baytown Refinery, North Landfarm underflow water delisting","0b00006480fb0ad1"
"EPA-R09-OW-2010-0976","Rulemaking","2014-11-05T14:53:13Z","EPA","Water Quality Issues in the San Francisco Bay/Sacramento-San Joaquin Delta Estuary","0b00006480b9c45a"
"EPA-R09-OAR-2014-0615","Rulemaking","2014-11-13T14:31:25Z","EPA","Approval of Placer County Rule 247 submitted May 13, 2014.","0b00006481818ed2"
"EPA-HQ-OPP-2007-0218","Nonrulemaking","2015-06-30T13:46:46Z","EPA","Pesticides Drinking Water Science Policies: Notice","0b0000648021345b"
"EPA-HQ-OPP-2007-0790","Nonrulemaking","2015-06-30T13:47:58Z","EPA","Special Docket - Significant Guidance Document: Water Treatment Effects on Pesticide Removal and Transformation (Special Docket)","0b00006480273214"
"EPA-HQ-OPP-2007-0789","Nonrulemaking","2015-06-30T13:47:58Z","EPA","Significant Guidance Document: Estimating the Drinking Water Component of a Dietary Exposure Assessment (Special Docket)","0b00006480273204"
"EPA-HQ-OPP-2009-0104","Nonrulemaking","2015-06-30T13:51:51Z","EPA","Notice of FIFRA SAP Meeting;  Determination of the Ecological Significance of Atrazine Effects on Primary Producers in Surface Water Streams in the Corn and Sorghum Growing Region of the United States (Part II)","0b00006480847d66"
"EPA-HQ-OPP-2011-0898","Nonrulemaking","2015-06-30T13:58:56Z","EPA","Notice of FIFRA SAP Meeting;  Consultation on Common Effects Assessment Methodology Developed in the Office of Pesticide Programs and Office of Water","0b00006480f5edab"
"EPA-HQ-OPP-2013-0497","Nonrulemaking","2015-06-30T14:03:05Z","EPA","Ortho-phthalaldehyde; Receipt of Application for Emergency Exemption, Solicitation of Public Comment","0b0000648133fb0c"
"EPA-R01-OW-2008-0910","Nonrulemaking","2015-11-14T01:00:42Z","EPA","Notice of Availability of Preliminary Residual Desigination of Certain Stormwater Discharges in the State of Maine Under the National Pollutant Discharge Elimination System of the Clean Water Act.","0b000064807d7b35"
"EPA-R01-OW-2008-0857","Nonrulemaking","2015-11-14T01:00:43Z","EPA","Notice of Availability of Draft Residual Designation in the State of Massachusetts Pursuant to Section 402(P) of the Clean Water Act.","0b000064807ae891"
"EPA-HQ-OA-2012-0033","Nonrulemaking","2016-08-30T10:56:02Z","EPA","Valuing Improved Water Quality in the Chesapeake Bay Using Stated Preference Methods","0b00006480f9285e"
"EPA-HQ-OA-2014-0010","Nonrulemaking","2016-08-30T10:57:21Z","EPA","Public Comments for the Science Advisory Board Review of the Scientific Basis of EPA's Proposed Waters of the United States Rule","0b000064814f0d68"
"EPA-R07-OW-2016-0586","Nonrulemaking","2016-10-12T08:38:22Z","EPA","Notice of Approval of the Primacy Application for National Primary Drinking Water Regulations for the State of Nebraska","0b00006482277973"
"EPA-HQ-OPP-2014-0613","Rulemaking","2016-11-21T14:58:34Z","EPA","Endothall: New Use for Livestock Watering - Amend Tolerance on Meat, Milk, and Eggs (PP#4F8293)","0b0000648180c338"
"EPA-R07-OW-2016-0602","Nonrulemaking","2016-12-02T09:39:07Z","EPA","Notice of Approval of the Primacy Revision Application for the Public Water Supply Supervision Program from the State of Missouri","0b000064822a0f2f"
"EPA-HQ-OA-2013-0031","Rulemaking","2017-01-09T10:54:08Z","EPA","Nondiscrimination in Programs or Activities Receiving Federal Assistance from the Environmental Protection Agency","0b000064811b489b"
"EPA-HQ-OPP-2015-0226","Rulemaking","2017-05-03T12:20:05Z","EPA","Benzobicyclon: New Active Ingredient for Use on California Water Seeded Rice","0b00006481a4fdc1"
"EPA-R06-OW-2017-0161","Nonrulemaking","2017-05-31T10:56:51Z","EPA","Proposed NPDES General Permit for Discharges from the Oil and Gas Extraction Point Source Stripper Subcategory to the Waters of Texas (TXG260000)","0b00006482516ad9"
"EPA-R06-OW-2017-0160","Nonrulemaking","2017-06-13T13:10:29Z","EPA","Proposed NPDES General Permit for Discharges from the Oil and Gas Extraction Point Source Category to the Coastal Waters of Texas (TXG330000)","0b00006482516ad5"
"EPA-HQ-OA-2013-0582","Nonrulemaking","2017-07-21T14:55:58Z","EPA","Public Comments for the Science Advisory Board Review of EPA’s Water Body Connectivity Report","0b0000648138a00e"
"EPA-R02-OW-2017-0622","Nonrulemaking","2017-10-25T16:19:15Z","EPA","List Decisions: Clean Water Act","0b00006482bf9056"
"EPA-R02-OW-2017-0632","Nonrulemaking","2017-10-27T16:19:28Z","EPA","List Decisions under the Clean Water Act","0b00006482c0c76b"
"EPA-HQ-OPP-2017-0180","Nonrulemaking","2018-05-30T17:18:20Z","EPA","FIFRA Scientific Advisory Panel; Notice of Public Meeting: PBPK for addressing pharmacokinetic differences between and within species","0b00006482535b5f"
"EPA-R07-OW-2018-0678","Nonrulemaking","2018-10-25T09:14:04Z","EPA","Notice of Approval of the Primacy Application for National Primary Drinking Water Regulations for the State of Nebraska","0b00006483775e24"
"EPA-HQ-OAR-2014-0534","Nonrulemaking","2018-11-08T17:17:03Z","EPA","California Authorization Request for Authorization of Amendments to Commercial Harbor Craft Program","0b0000648179b107"
"EPA-HQ-OW-2002-0011","Nonrulemaking","2018-11-15T14:40:35Z","EPA","Agency Information Collection Activities; Submission to OMB for Review and Approval; Laboratory Quality Assurance Evaluation Program for Analysis of Cryptosporidium under the Safe Drinking Water Act","0b000064800c0b2d"
"EPA-HQ-OW-2002-0049","Rulemaking","2018-11-15T14:41:59Z","EPA","National Pollutant Discharge Elimination System - Regulations To Establish Requirements for Cooling Water Intake Structures at Phase II Existing Facilities","0b000064800a96f2"
"EPA-HQ-OW-2003-0013","Nonrulemaking","2018-11-15T14:43:31Z","EPA","Information Collection Request for Title IV of the Public Health Security and Bioterrorism Preparedness and Response Act of 2002: Drinking Water Security and Safety (Act).","0b000064800c2e7d"
"EPA-HQ-OW-2003-0063","Rulemaking","2018-11-15T14:45:29Z","EPA","Final Rule on Application of Pesticides to Waters of the United States in Compliance with FIFRA","0b000064800c1147"
"EPA-HQ-OW-2003-0066","Rulemaking","2018-11-15T14:45:35Z","EPA","National Primary Drinking Water Regulations: Minor Corrections and Clarification to Drinking Water Regulations. Proposal","0b000064800c3983"
"EPA-HQ-OW-2003-0070","Rulemaking","2018-11-15T14:45:45Z","EPA","Guidelines Establishing Test Procedures for the Analysis of Pollutants Under the Clean Water Act; National Primary Drinking Water Regulations; and National Secondary Drinking Water Regulations; Analysis, Sampling, and Monitoring Procedures; Proposed Rule","0b000064800c0d72"
"EPA-HQ-OW-2004-0020","Nonrulemaking","2018-11-15T14:47:06Z","EPA","Willingness to Pay Survey: Phase III Cooling Water Intake Structures","0b000064800c194d"
"EPA-HQ-OW-2004-0021","Rulemaking","2018-11-15T14:47:08Z","EPA","Drinking Water Phase I Material Available From the USEPA Office of Water Docket","0b000064800c1ada"
"EPA-HQ-OW-2004-0022","Rulemaking","2018-11-15T14:47:12Z","EPA","Drinking Water Phase II Material Retained at the USEPA Office of Water Docket","0b000064800c228a"
"EPA-HQ-OW-2004-0039","Nonrulemaking","2018-11-15T14:47:53Z","EPA","Promoting Water Conservation in Multi-Family Housing","0b000064800d231d"
"EPA-HQ-OW-2005-0006","Nonrulemaking","2018-11-15T14:48:18Z","EPA","Willingness to Pay Survey for Section 316(b) Phase III Cooling Water Intake Structures: Instrument, Pre-Test, and  Implementation","0b000064800c24c7"
"EPA-HQ-OW-2005-0007","Nonrulemaking","2018-11-15T14:48:20Z","EPA","Reissuance of the National Pollutant Discharge Elimination System (NPDES) Multi-Sector General Permit (MSGP) for Storm Water Discharges Associated With Industrial Activity","0b000064800c274d"
"EPA-HQ-OW-2005-0023","Nonrulemaking","2018-11-15T14:49:01Z","EPA","Information Collection Request (ICR) for Clean Water Act Section 404 State-assumed Programs","0b000064800d09a6"
"EPA-HQ-OW-2005-0024","Rulemaking","2018-11-15T14:49:03Z","EPA","Availabliity of and Procedures for Removal Credits","0b000064800d09cc"
"EPA-HQ-OW-2005-0025","Rulemaking","2018-11-15T14:49:06Z","EPA","Aircraft Drinking Water","0b000064800d0c43"
"EPA-HQ-OW-2005-0030","Nonrulemaking","2018-11-15T14:49:17Z","EPA","Health Effects from Exposure to High Levels of Sulfate in Drinking Water Study and Sulfate Workshop","0b000064800d0fcc"
"EPA-HQ-OW-2005-0039","Nonrulemaking","2018-11-15T14:49:38Z","EPA","Request for Nominations of Drinking Water Contaminants for the Contaminant Candidate List","0b000064800d5412"
"EPA-HQ-OW-2006-0486","Nonrulemaking","2018-11-15T14:50:13Z","EPA","Office of Water, 2007 Drinking Water Infrastructure Needs Survey, Agency Information Collection Request (ICR) Activities, Proposed Collection, Comment Request (EPA ICR Number 2234.01)","0b00006480178d82"
"EPA-HQ-OW-2006-0765","Rulemaking","2018-11-15T14:50:20Z","EPA","Clean Water Act Section 106 Permit Fee Incentive","0b000064801c0373"
"EPA-HQ-OW-2006-0958","Nonrulemaking","2018-11-15T14:50:29Z","EPA","Expedited Approval of Alternative Test Procedures for the Analysis of Contaminants Under the Safe Drinking Water Act; Analysis and Sampling Procedures","0b000064801e2859"
"EPA-HQ-OW-2007-0093","Rulemaking","2018-11-15T14:50:36Z","EPA","Water Quality Standards; Withdrawal of the Federal Antidegration Regulations for Pennsylvania","0b000064801f89f1"
"EPA-HQ-OW-2007-0259","Rulemaking","2018-11-15T14:50:43Z","EPA","Water Quality Standards for Puerto Rico","0b00006480219bc9"
"EPA-HQ-OW-2007-0282","Nonrulemaking","2018-11-15T14:50:48Z","EPA","Draft EPA/Army Guidance Regarding CWA Jurisdiction after Rapanos","0b0000648021c001"
"EPA-HQ-OW-2007-0467","Rulemaking","2018-11-15T14:50:52Z","EPA","Withdrawal of Federal Marine Aquatic Life Water Quality Criteria for Toxic Pollutants Applicable to Washington","0b00006480245970"
"EPA-HQ-OW-2008-0356","Nonrulemaking","2018-11-15T14:52:08Z","EPA","Information Collection Request for the Water Quality Standards Regulation (Renewal)","0b0000648052351a"
"EPA-HQ-OW-2008-0437","Nonrulemaking","2018-11-15T14:52:15Z","EPA","Public Water System Supervision Program Renewal Information Collection Request; EPA ICR No. 0270.43  OMB Control No. 2040-0090","0b000064805a611e"
"EPA-HQ-OW-2008-0438","Nonrulemaking","2018-11-15T14:52:18Z","EPA","Microbial Rules Renewal Information Collection Request; EPA ICR No. 1895.04, OMB Control No. 2040-0205","0b000064805a6175"
"EPA-HQ-OW-2008-0495","Rulemaking","2018-11-15T14:52:29Z","EPA","Withdrawal of the Federal Water Quality Standards Use Designations for Soda Creek and Portions of Canyon Creek, South Fork Coeur d’Alene River, and Blackfoot River in Idaho","0b000064806141ca"
"EPA-HQ-OW-2008-0517","Rulemaking","2018-11-15T14:52:31Z","EPA","Preliminary 2010 Effluent Guidelines Program Plan","0b00006480631e9b"
"EPA-HQ-OW-2008-0747","Nonrulemaking","2018-11-15T14:52:51Z","EPA","National Primary Drinking Water Regulations; Announcement of the Results of EPA’s Review of Existing Drinking Water Standards and Request for Public Comment and/or Information on Related Issues","0b0000648072eb50"
"EPA-HQ-OW-2008-0795","Nonrulemaking","2018-11-15T14:52:53Z","EPA","National Recommended Water Quality Criteria for the Protection of Aquatic Life: Draft Criteria for Acrolein","0b0000648076cca9"
"EPA-HQ-OW-2009-0345","Nonrulemaking","2018-11-15T14:53:13Z","EPA","Expedited Approval of Alternative Test Procedures for the Analysis of Contaminants Under the Safe Drinking Water Act; Analysis and Sampling Procedures","0b000064809a1d13"
"EPA-HQ-OW-2009-0596","Rulemaking","2018-11-15T14:53:16Z","EPA","Water Quality Standards for the State of Florida's Lakes and Flowing Waters","0b000064809fba03"
"EPA-HQ-OW-2009-0707","Nonrulemaking","2018-11-15T14:53:21Z","EPA","Expedited Approval of Alternative Test Procedures for the Analysis of Contaminants Under the Safe Drinking Water Act; Analysis and Sampling Procedures","0b00006480a1fcc1"
"EPA-HQ-OW-2009-1019","Rulemaking","2018-11-15T14:53:38Z","EPA","National Pollutant Discharge Elimination System (NPDES): Use of Sufficiently Sensitive Methods for Permit Applications and Reporting","0b00006480a74bef"
"EPA-HQ-OW-2010-0175","Nonrulemaking","2018-11-15T14:53:53Z","EPA","Clean Water Act Section 303(d): Notice of Call for Public Comment on 303(d) Program and Ocean Acidification","0b00006480aa72e6"
"EPA-HQ-OW-2010-0288","Nonrulemaking","2018-11-15T14:54:05Z","EPA","Expedited Approval of Alternative Test Procedures for the Analysis of Contaminants Under the Safe Drinking Water Act; Analysis and Sampling Procedures","0b00006480acb71f"
"EPA-HQ-OW-2010-0492","Rulemaking","2018-11-15T14:54:15Z","EPA","Final Withdrawal of Certain Federal Aquatic Life Water Quality Criteria Applicable to Wisconsin","0b00006480af5185"
"EPA-HQ-OW-2010-0595","Nonrulemaking","2018-11-15T14:54:21Z","EPA","Willingness to Pay Survey for Section 316(b) Existing Facilities Cooling Water Intake Structures:  Instrument, Pre-test, and Implementation","0b00006480b14a47"
"EPA-HQ-OW-2010-0689","Nonrulemaking","2018-11-15T14:54:26Z","EPA","Office of Water, 2011 Drinking Water Infrastructure Needs Survey, Agency Information Collection Request (ICR) Activities, Proposed Collection, Comment Request; EPA ICR Number 2234.03; OMB Control No. 2040-0274","0b00006480b2d0b6"
"EPA-HQ-OW-2010-0818","Nonrulemaking","2018-11-15T14:54:42Z","EPA","Clean Water Act (CWA) and Federal Insecticide, Fungicide, and Rodenticide Act (FIFRA) Common Aquatic Life Effects Assessment for Pesticides Using Available Data: National Stakeholders Meeting","0b00006480b53972"
"EPA-HQ-OW-2010-0852","Nonrulemaking","2018-11-15T14:54:55Z","EPA","National Pollutant Discharge Elimination System (NPDES) Permits for Point Source Discharges from the Application of Pesticides to Waters of the United States","0b00006480b690ed"
"EPA-HQ-OW-2011-0409","Nonrulemaking","2018-11-15T14:55:22Z","EPA","Draft Guidance on Identifying Waters Protected by the Clean Water Act","0b00006480c32c27"
"EPA-HQ-OW-2011-0413","Nonrulemaking","2018-11-15T14:55:25Z","EPA","Expedited Approval of Alternative Test Procedures for the Analysis of Contaminants Under the Safe Drinking Water Act; Analysis and Sampling Procedures","0b00006480c35ee2"
"EPA-HQ-OW-2011-0515","Rulemaking","2018-11-15T14:55:45Z","EPA","Phosphorus Water Quality Standards for Florida Everglades","0b00006480e38ef1"
"EPA-HQ-OW-2011-0787","Nonrulemaking","2018-11-15T14:55:53Z","EPA","Aquatic Life Ambient Water Quality Criteria for Carbaryl – 2011","0b00006480f1ce40"
"EPA-HQ-OW-2011-0880","Rulemaking","2018-11-15T14:55:57Z","EPA","Definition of ""Waters of the United States"" Under the Clean Water Act","0b00006480f5aa5e"
"EPA-HQ-OW-2011-1013","Nonrulemaking","2018-11-15T14:56:09Z","EPA","UIC Permitting Guidance for Oil and Gas Hydraulic Fracturing Activities Using Diesel Fuels – Draft","0b00006480f8208e"
"EPA-HQ-OW-2012-0095","Rulemaking","2018-11-15T14:56:16Z","EPA","Withdrawal of Certain Federal Water Quality Criteria Applicable to Puerto Rico, New Jersey and California","0b00006480fa5c38"
"EPA-HQ-OW-2012-0155","Nonrulemaking","2018-11-15T14:56:21Z","EPA","Announcement of Preliminary Regulatory Determinations for Contaminants on the Third Drinking Water Contaminant Candidate List","0b00006480fb4c91"
"EPA-HQ-OW-2012-0217","Nonrulemaking","2018-11-15T14:56:29Z","EPA","Request for Nominations of Drinking Water Contaminants for the Fourth Contaminant Candidate List","0b00006480fd2a15"
"EPA-HQ-OW-2012-0288","Nonrulemaking","2018-11-15T14:56:31Z","EPA","Expedited Approval of Alternative Test Procedures for the Analysis of Contaminants Under the Safe Drinking Water Act; Analysis and Sampling Procedures","0b00006480fe8ce3"
"EPA-HQ-OW-2013-0213","Nonrulemaking","2018-11-15T14:56:54Z","EPA","Notice of Public Meeting/Webinar: EPA Method Development Update on Drinking Water Testing Methods for Contaminant Candidate List Contaminants","0b00006481238c35"
"EPA-HQ-OW-2013-0300","Nonrulemaking","2018-11-15T14:57:03Z","EPA","Expedited Approval of Alternative Test Procedures for the Analysis of Contaminants Under the Safe Drinking Water Act; Analysis and Sampling Procedures","0b00006481299f69"
"EPA-HQ-OW-2013-0469","Rulemaking","2018-11-15T14:57:05Z","EPA","Proposed Rule: Uniform National Discharge Standards for Vessels of the Armed Forces","0b000064813190c2"
"EPA-HQ-OW-2013-0710","Nonrulemaking","2018-11-15T14:57:13Z","EPA","Michigan’s Clean Water Act Section 404 Program: EPA Public Hearing and Request for Comments on Program Revisions.","0b00006481439059"
"EPA-HQ-OW-2014-0170","Nonrulemaking","2018-11-15T14:57:22Z","EPA","Preliminary and Final 2014 Effluent Guidelines Plan and 2013/2014 Annual Review","0b0000648155eb24"
"EPA-HQ-OW-2014-0408","Nonrulemaking","2018-11-15T14:57:31Z","EPA","Expedited Approval of Alternative Test Procedures for the Analysis of Contaminants Under the Safe Drinking Water Act; Analysis and Sampling Procedures","0b000064816f03d5"
"EPA-HQ-OW-2014-0593","Nonrulemaking","2018-11-15T14:57:38Z","EPA","Office of Water, 2015 Drinking Water Infrastructure Needs Survey, Agency Information Collection Request (ICR) Activities, Proposed Collection, Comment Request (EPA ICR Number2234.04)","0b000064817ee0aa"
"EPA-HQ-OW-2014-0797","Rulemaking","2018-11-15T14:57:48Z","EPA","Clean Water Act Methods Update Rule for the Analysis of Effluent","0b000064818f90a4"
"EPA-HQ-OW-2015-0122","Nonrulemaking","2018-11-15T14:57:53Z","EPA","Drinking Water Storage Facility Inspection and Cleaning","0b000064819f60df"
"EPA-HQ-OW-2015-0218","Rulemaking","2018-11-15T14:58:00Z","EPA","Revisions to the Unregulated Contaminant Monitoring Rule (UCMR 4) for Public Water Systems","0b00006481a3b6d0"
"EPA-HQ-OW-2015-0300","Nonrulemaking","2018-11-15T14:58:03Z","EPA","Review of Coliphages as Possible Indicators of Fecal Contamination for Ambient Water Quality: Data for Consideration","0b00006481ab935a"
"EPA-HQ-OW-2015-0392","Rulemaking","2018-11-15T14:58:13Z","EPA","Promulgation of Federal Water Quality Criteria for Selenium Applicable to the San Francisco Bay-Delta of California","0b00006481b1a56a"
"EPA-HQ-OW-2015-0541","Nonrulemaking","2018-11-15T14:58:21Z","EPA","Ground Water Rule 610 Review","0b00006481bae188"
"EPA-HQ-OW-2015-0668","Nonrulemaking","2018-11-15T14:58:40Z","EPA","Stormwater Discharges from Forest and Logging Roads","0b00006481c8e116"
"EPA-HQ-OW-2015-0671","Rulemaking","2018-11-15T14:58:43Z","EPA","Municipal Separate Storm Sewer System General Permit Remand Rule","0b00006481c8f9de"
"EPA-HQ-OW-2015-0714","Nonrulemaking","2018-11-15T14:58:49Z","EPA","National Drinking Water Advisory Council","0b00006481cdc4f9"
"EPA-HQ-OW-2016-0012","Rulemaking","2018-11-15T14:59:00Z","EPA","Aquatic Life Criteria for Copper and Cadmium in Oregon","0b00006481df370c"
"EPA-HQ-OW-2016-0281","Nonrulemaking","2018-11-15T14:59:17Z","EPA","Expedited Approval of Alternative Test Procedures for the Analysis of Contaminants Under the Safe Drinking Water Act; Analysis and Sampling Procedures","0b00006481fb9a4e"
"EPA-HQ-OW-2016-0438","Nonrulemaking","2018-11-15T14:59:37Z","EPA","Perchlorate Peer Review Materials / Comments to EPA","0b000064820f1fca"
"EPA-HQ-OW-2016-0439","Nonrulemaking","2018-11-15T14:59:40Z","EPA","Perchlorate Peer Review Panel for BBDR Model and Charge Questions","0b000064820f3c91"
"EPA-HQ-OW-2016-0568","Rulemaking","2018-11-15T14:59:49Z","EPA","Fees for Water Infrastructure Project Applications under WIFIA","0b000064822149a1"
"EPA-HQ-OW-2016-0569","Rulemaking","2018-11-15T14:59:51Z","EPA","Credit Assistance for Water Infrastructure Projects","0b000064822188fa"
"EPA-HQ-OW-2016-0627","Nonrulemaking","2018-11-15T14:59:53Z","EPA","National Primary Drinking Water Regulations; Announcement of the Results of EPA’s Review of Existing Drinking Water Standards and Request for Public Comment and/or Information on Related Issues","0b000064823227e8"
"EPA-HQ-OW-2017-0010","Rulemaking","2018-11-15T15:00:08Z","EPA","Numeric Nutrient Criteria for Missouri Lakes and Reservoirs","0b0000648244ad9c"
"EPA-HQ-OW-2017-0284","Nonrulemaking","2018-11-15T15:00:14Z","EPA","Expedited Approval of Alternative Test Procedures for the Analysis of Contaminants Under the Safe Drinking Water Act; Analysis and Sampling Procedures","0b000064825dd57d"
"EPA-HQ-OW-2017-0303","Rulemaking","2018-11-15T15:00:25Z","EPA","Withdrawal of Certain Federal Water Quality Criteria Applicable to California: Lead, Chlorodibromomethane, and Dichlorobromomethane","0b0000648260c591"
"EPA-HQ-OW-2017-0518","Nonrulemaking","2018-11-15T15:00:31Z","EPA","Scoping for a Programmatic Environmental Assessment (PEA) for the Water Infrastructure Finance and Innovation Act (WIFIA) Program","0b00006482af5711"
"EPA-HQ-OW-2017-0584","Rulemaking","2018-11-15T15:00:34Z","EPA","State of Idaho Voluntary Transfer of Primacy of the Class II Underground Injection Control Program to the Environmental Protection Agency","0b00006482bbc5d2"
"EPA-HQ-OW-2018-0079","Nonrulemaking","2018-11-15T15:00:42Z","EPA","Water Infrastructure Finance and Innovation Act (WIFIA) Program Environmental Reviews","0b00006482f2455a"
"EPA-HQ-OW-2018-0558","Nonrulemaking","2018-11-15T15:00:53Z","EPA","Expedited Approval of Alternative Test Procedures for the Analysis of Contaminants Under the Safe Drinking Water Act; Analysis and Sampling Procedures","0b000064835005e6"
"EPA-HQ-OW-2018-0573","Nonrulemaking","2018-11-15T15:00:56Z","EPA","Program Requirement Revisions Related to the Public Water System Supervision Programs for the State of Connecticut and the State of New Hampshire","0b0000648354a0df"
"EPA-HQ-OW-2018-0270","Nonrulemaking","2018-12-06T11:27:15Z","EPA","PFAS National Leadership Summit and Engagement","0b0000648320e56d"
"EPA-HQ-OECA-2009-0274","Rulemaking","2018-12-11T08:49:47Z","EPA","National Pollutant Discharge Elimination System (NPDES) Electronic Reporting Rule","0b00006480952e94"
"EPA-HQ-OECA-2011-0599","Nonrulemaking","2018-12-11T08:55:42Z","EPA","Proposed Issuance of an Order under the Safe Drinking Water Act and Opportunity to Comment Regarding BP Exploration (Alaska) Inc. and BP Corporation North America Inc.","0b00006480ebf0ff"
"EPA-HQ-OECA-2013-0042","Nonrulemaking","2018-12-11T08:58:06Z","EPA","AboveNet Communications, Inc. Docket No. EPCRA-HQ-2012-8000, Docket No. CWA-HQ-2012-8000","0b000064811bae2e"
"EPA-HQ-OECA-2013-0543","Nonrulemaking","2018-12-11T08:59:45Z","EPA","Clean Water Act Class II: Proposed Administrative Settlement, Penalty Assessment and Opportunity to Comment Regarding Charter Communications, Inc. (In re: Charter Communications, Inc., CAA-HQ-2012-8005; CWA-HQ-2012-8005; and EPCRA-HQ-2012-8005)","0b000064813676d0"
"EPA-HQ-OECA-2016-0268","Nonrulemaking","2018-12-11T09:02:30Z","EPA","Clean Water Act Class II: Proposed Administrative Settlement, Penalty Assessment and Opportunity to Comment Regarding Enel Green Power North America, Inc.","0b00006481fa6aa8"
"EPA-HQ-OECA-2017-0206","Nonrulemaking","2018-12-11T09:02:38Z","EPA","Clean Water Act Class II: Proposed Administrative Settlement, Penalty Assessment and Opportunity to Comment Regarding JPMorgan Chase Bank, N.A.","0b000064825539cd"
"EPA-HQ-OPPT-2013-0443","Nonrulemaking","2018-12-11T10:47:15Z","EPA","Hydrofluorosilicic Acid (HFSA) in Drinking Water; TSCA Section 21 Petition","0b0000648130563e"
"EPA-HQ-OPPT-2016-0763","Nonrulemaking","2018-12-11T10:59:13Z","EPA","Fluoride; Section 21 Petition Under TSCA regarding neurotoxic risks posed by fluoride chemicals in drinking water.","0b00006482409153"
"EPA-HQ-OLEM-2016-0153","Rulemaking","2018-12-11T11:16:19Z","EPA","National Priorities List, Notice of Proposed Rulemaking: Riverside Ground Water Contamination","0b00006481eb373a"
"EPA-HQ-OLEM-2016-0156","Rulemaking","2018-12-11T11:16:23Z","EPA","National Priorities List, Notice of  Proposed Rulemaking: Dorado Ground Water Contamination","0b00006481eb392a"
"EPA-HQ-OLEM-2016-0274","Rulemaking","2018-12-11T11:16:36Z","EPA","Hazardous and Solid Waste Management System: Disposal of Coal Combustion Residues From Electric Utilities; Extension of Compliance Deadlines for Certain Inactive Surface Impoundments; Response to Partial Vacatur.","0b00006481faed7e"
"EPA-HQ-OLEM-2016-0437","Rulemaking","2018-12-11T11:16:51Z","EPA","National Priorities List, Notice of Proposed Rulemaking - Highway 18 Ground Water","0b000064820f1fa1"
"EPA-HQ-OLEM-2017-0073","Rulemaking","2018-12-11T11:16:59Z","EPA","National Priorities List, Notice of Proposed Rulemaking, Newark South Ground Water Plume","0b000064824ab5af"
"EPA-HQ-OLEM-2017-0449","Nonrulemaking","2018-12-11T11:19:08Z","EPA","Agency Information Collection Activities; Proposed Collection; Comment Request; Identification, Listing and Rulemaking Petitions (Revision)","0b000064829855a9"
"EPA-HQ-OLEM-2017-0458","Nonrulemaking","2018-12-11T11:19:10Z","EPA","Coal Combustion Residuals (CCR) State Permit Program Guidance Document (Interim Final)","0b000064829c770a"
"EPA-HQ-OLEM-2017-0613","Nonrulemaking","2018-12-11T11:19:33Z","EPA","Oklahoma Coal Combustion Residuals (CCR) State Permit Program Application Approval","0b00006482be259a"
"EPA-HQ-RCRA-2013-0209","Rulemaking","2018-12-11T11:26:27Z","EPA","HAZARDOUS WASTE MANAGEMENT SYSTEM; DISPOSAL OF COAL COMBUSTION RESIDUALS FROM ELECTRIC UTILITIES: SUPPLEMENTAL PROPOSAL","0b00006481235821"
"EPA-HQ-SFUND-2010-1086","Rulemaking","2018-12-11T11:30:40Z","EPA","The Addition of a Subsurface Intrusion Component to the Hazard Ranking System","0b00006480bc2835"
"EPA-HQ-SFUND-2013-0197","Rulemaking","2018-12-11T11:30:50Z","EPA","National Priorities List, Notice of Proposed Rulemaking; Garden City Ground Water Plume, Garden City, IN","0b000064812355f4"
"EPA-HQ-SFUND-2013-0198","Rulemaking","2018-12-11T11:30:51Z","EPA","National Priorities List, Notice of Proposed Rulemaking; Keystone Corridor Ground Water Contamination, Indianapolis, IN","0b00006481235635"
"EPA-HQ-SFUND-2014-0624","Rulemaking","2018-12-11T11:31:44Z","EPA","National Priorities List, Notice of Proposed Rulemaking; Kokomo Contaminated Ground Water Plume; Region 5; Kokomo, IN","0b00006481822d5f"
"EPA-HQ-SFUND-2015-0140","Rulemaking","2018-12-11T11:31:58Z","EPA","National Priorities List, Notice of Proposed Rulemaking; Main Street Ground Water Plume; Region 6; Burnet, TX","0b000064819ffd0e"
"EPA-HQ-SFUND-2015-0575","Rulemaking","2018-12-11T11:32:06Z","EPA","National Priorities List, Notice of Proposed Rulemaking, West Vermont Drinking Water Contamination","0b00006481c1f93c"
"EPA-HQ-OGC-2018-0378","Nonrulemaking","2018-12-11T11:51:05Z","EPA","Northwest Environmental Advocates v. US EPA, No. 2:14cv196","0b00006483317f96"
"EPA-HQ-OGC-2018-0591","Nonrulemaking","2018-12-11T11:51:06Z","EPA","West Goshen Sewer Authority v. US EPA, No. 2:12-cv-05353","0b000064835d449b"
"EPA-HQ-ORD-2006-0812","Nonrulemaking","2018-12-11T12:02:57Z","EPA","Child-Specific Exposure Factors Handbook","0b000064801cc9b8"
"EPA-HQ-ORD-2009-0313","Nonrulemaking","2018-12-11T12:06:41Z","EPA","Information Collection Request: Research on Public Information Needs during Drinking Water Emergencies","0b0000648097004d"
"EPA-HQ-ORD-2011-0187","Nonrulemaking","2018-12-11T12:08:54Z","EPA","Aquatic Ecosystems, Water Quality, and Global Change:  Challenges of Conducting Multi-stressor Vulnerability Assessments","0b00006480bf0840"
"EPA-HQ-OW-2017-0260","Nonrulemaking","2018-12-21T11:56:05Z","EPA","Aquatic Ambient Water Quality Criteria for Aluminum -2017","0b000064825a0371"
"EPA-R07-OW-2018-0565","Nonrulemaking","2019-02-08T08:16:54Z","EPA","Notice of Approval of the Primacy Revision Application for the Public Water Supply Supervision Program from the State of Kansas","0b00006483518f2a"
"EPA-HQ-OW-2018-0063","Nonrulemaking","2019-04-17T10:03:03Z","EPA","Clean Water Act Coverage of “Discharges of Pollutants” via a Direct Hydrologic Connection to Surface Water","0b00006482efe379"
"EPA-HQ-OW-2011-0442","Nonrulemaking","2019-04-29T10:53:34Z","EPA","Microbial Rules Renewal Information Collection Request; OMB Control No. 2040-0205","0b00006480c3e3ab"
"EPA-R07-OW-2019-0189","Nonrulemaking","2019-04-30T08:46:08Z","EPA","Notice of Approval of the Primacy Revision Application for the Public Water System Supervision Program from the state of Iowa","0b00006483b73a67"
"EPA-HQ-OW-2008-0150","Nonrulemaking","2019-05-10T15:07:05Z","EPA","Agency Information Collection Activities: Proposed Collection; Establishing No-Discharge Zones under Clean Water Act §312","0b000064803b8d42"
"EPA-HQ-OW-2011-0443","Nonrulemaking","2019-05-10T15:07:06Z","EPA","Public Water System Supervision Program Renewal Information Collection Request","0b00006480c3e3c4"
"EPA-HQ-OW-2003-0026","Nonrulemaking","2019-05-21T08:23:18Z","EPA","National Water Quality Inventory Reports (CWA Sections 305(b), 303(d), 314(a), & 106(e)","0b000064800c3402"
"EPA-HQ-OW-2015-0641","Nonrulemaking","2019-05-31T09:54:02Z","EPA","Proposed Information Collection Request; Comment Request; Reporting Requirements for BEACH Act Grants (Renewal)","0b00006481c66674"
"EPA-HQ-OW-2019-0166","Nonrulemaking","2019-06-25T15:29:59Z","EPA","Interpretive Statement on Application of the Clean Water Act National Pollutant Discharge Elimination System Program to Releases of Pollutants from a Point Source to Groundwater","0b00006483b3fce9"
"EPA-HQ-OAR-2004-0254","Rulemaking","2019-07-02T12:39:43Z","EPA","Revision to Method 105, Determination of Mercury in Waste Water Treatment Plant Sewage Sludge","0b000064800bff72"
"EPA-HQ-SFUND-1992-0007","Rulemaking","2019-07-30T13:32:43Z","EPA","National Priorities List for Uncontrolled Hazardous Wastes Sites","0b000064800e3e35"
"EPA-HQ-OLEM-2018-0024","Rulemaking","2019-09-03T10:37:21Z","EPA","Clean Water Act Hazardous Substances Discharge Prevention Rulemaking","0b00006482e13007"
"EPA-HQ-OW-2015-0056","Nonrulemaking","2019-09-06T10:24:01Z","EPA","FACA subcommittee on Waters Assumable by States and Tribes under Clean Water Act Section 404(g)","0b000064819d9057"
"EPA-R04-OW-2008-0179","Nonrulemaking","2019-09-12T01:00:55Z","EPA","Proposed Determination To Prohibit, Restrict, or Deny the Specification, or the Use for Specification, of an Area as a Disposal Site; Yazoo River Basin, Issaquena County, MS","0b000064803d5b06"
"EPA-HQ-OPP-2019-0317","Nonrulemaking","2019-10-01T12:36:56Z","EPA","Pesticide Product Registration: Receipt of Application for a new use for Tetra-acetyl ethylene diamine.","0b00006483caef9e"
"EPA-HQ-OW-2019-0143","Nonrulemaking","2019-10-30T12:10:16Z","EPA","Information Collection Request for Treatment of Indian Tribes in a Similar Manner as States for the Purposes of Section 303(d) of the Clean Water Act (Renewal)","0b00006483b112b3"
"EPA-R08-OAR-2019-0630","Nonrulemaking","2019-11-01T16:28:11Z","EPA","Uintah and Ouray Water Recovery, LLC MNSR Source Registrations","0b000064841166c5"
"EPA-HQ-OECA-2006-0748","Nonrulemaking","2019-11-12T10:11:37Z","EPA","Notice of Intent to Provide Internet Publication of Proposed Penalties under the Clean Water Act and Safe Drinking Water Act","0b000064801bd67c"
"EPA-HQ-OW-2018-0241","Nonrulemaking","2019-12-04T13:14:46Z","EPA","Information Collection Request in Support of EPA's (USEPA) Six-Year Review","0b0000648314ae23"
"EPA-HQ-OW-2016-0178","Nonrulemaking","2019-12-05T12:02:03Z","EPA","Agency Information Collection Activities; Proposals, Submissions, and Approvals: Credit Assistance for Water and Wastewater Infrastructure Projects through the Water Infrastructure and Finance Innovation Act","0b00006481ed4518"
"EPA-HQ-RCRA-2006-0069","Nonrulemaking","2020-01-14T08:41:40Z","EPA","Part B Permit Application, Permit Modifications, and Special Permits Information Collection Request (ICR), Proposed Collection, Comment Request","0b0000648011b385"
"EPA-HQ-RCRA-2012-0028","Rulemaking","2020-01-14T08:44:07Z","EPA","Hazardous and Solid Waste Management System: Identification and Listing of Special Wastes; Disposal of Coal Combustion Residuals From Electric Utilities: Notice of Data Availability and Request for Comment.","0b00006480f907b7"
"EPA-HQ-SFUND-2006-0760","Rulemaking","2020-01-14T10:08:03Z","EPA","National Priorities List; Notice of Proposed Rulemaking: Bandera Road Ground Water Plume Site; Region 6, Leon Valley, TX","0b000064801be741"
"EPA-HQ-SFUND-2006-0761","Rulemaking","2020-01-14T10:08:04Z","EPA","National Priorities List; Notice of Proposed Rulemaking: East 67th Ground Water Plume Site; Region 6, Odessa, TX","0b000064801be75d"
"EPA-HQ-SFUND-2007-0685","Rulemaking","2020-01-14T10:08:24Z","EPA","National Priorities List, Notice of Proposed Rulemaking; Lusher Street Ground Water Contamination","0b00006480270585"
"EPA-HQ-SFUND-2007-0692","Rulemaking","2020-01-14T10:08:32Z","EPA","National Priorities List, Notice of Proposed Rule; San German Ground Water Contamination","0b00006480270601"
"EPA-HQ-SFUND-2007-0694","Rulemaking","2020-01-14T10:08:35Z","EPA","National Priorities List, Notice of Proposed Rulemaking; Midessa Ground Water Plume","0b0000648027061e"
"EPA-HQ-SFUND-2008-0082","Rulemaking","2020-01-14T10:09:05Z","EPA","National Priorities List, Notice of Proposed Rulemaking; Aberdeen Contaminated Ground Water","0b000064803a37d3"
"EPA-HQ-SFUND-2008-0585","Rulemaking","2020-01-14T10:09:23Z","EPA","National Priorities List, Notice of Proposed Rulemaking; Fort Detrick Area B Ground Water","0b000064806841a3"
"EPA-HQ-SFUND-2009-0071","Rulemaking","2020-01-14T10:09:38Z","EPA","National Priorities List, Notice of Proposed Rulemaking, Lane Street Ground Water Contamination","0b00006480832768"
"EPA-HQ-SFUND-2010-0638","Rulemaking","2020-01-14T10:10:38Z","EPA","National Priorities List, Notice of Proposed Rulemaking - Cabo Rojo Ground Water Contamination","0b00006480b1fea6"
"EPA-HQ-SFUND-2010-0639","Rulemaking","2020-01-14T10:10:39Z","EPA","National Priorities List, Notice of Proposed Rulemaking - Dwyer Property Ground Water Plume","0b00006480b1feaa"
"EPA-HQ-SFUND-2010-0645","Rulemaking","2020-01-14T10:10:46Z","EPA","National Priorities List, Notice of Proposed Rulemaking - West County Road 112 Ground Water","0b00006480b20006"
"EPA-HQ-SFUND-2011-0070","Rulemaking","2020-01-14T10:11:07Z","EPA","National Priorities List, Notice of Proposed Rulemaking (Garfield Ground Water Contamination)","0b00006480bce8c9"
"EPA-HQ-SFUND-2011-0074","Rulemaking","2020-01-14T10:11:10Z","EPA","National Priorities List, Notice of Proposed Rulemaking (New Cassel/Hicksville Ground Water Contamination)","0b00006480bce8e8"
"EPA-HQ-SFUND-2011-0078","Rulemaking","2020-01-14T10:11:15Z","EPA","National Priorities List, Notice of Proposed Rulemaking (Alamo Contaminated Ground Water)","0b00006480bced52"
"EPA-HQ-SFUND-2012-0068","Rulemaking","2020-01-14T10:11:49Z","EPA","National Priorities List, Notice of Proposed Rulemaking (Orange Valley Regional Ground Water Contamination)","0b00006480f9b271"
"EPA-HQ-SFUND-2012-0071","Rulemaking","2020-01-14T10:11:54Z","EPA","National Priorities List, Notice of Proposed Rulemaking (Circle Court Ground Water Plume)","0b00006480f9b2ce"
"EPA-HQ-OLEM-2018-0533","Nonrulemaking","2020-01-15T15:54:42Z","EPA","Georgia Coal Combustion Residuals (CCR) State Permit Program Application Approval","0b0000648348ddfa"
"EPA-HQ-OW-2002-0050","Rulemaking","2020-02-20T01:01:27Z","EPA","Advance Notice of Proposed Rulemaking on the Clean Water Act Regulatory Definition of ""Waters of the United States"" with the Joint Memorandum providing guidance.","0b000064800a9776"
"EPA-HQ-OA-2005-0001","Nonrulemaking","2020-02-20T01:01:28Z","EPA","Economic Valuation of Avoiding Exposure to Arsenic in Drinking Water","0b000064800ad1a3"
"EPA-HQ-OEI-2002-0011","Nonrulemaking","2020-02-20T01:01:32Z","EPA","Estimating the value of improvements to coastal waters - Pilot study of coastal water evaluation survey.","0b000064800aeb23"
"EPA-HQ-OEI-2003-0009","Nonrulemaking","2020-02-20T01:01:38Z","EPA","Valuing Inland Water Quality Improvements Survey  (EPA ICR # 1914.01, OMB control # 2010-0031)","0b000064800b134e"
"EPA-HQ-OPP-2002-0182","Rulemaking","2020-02-20T01:01:51Z","EPA","Guidance for Developing & Performing Quality Control of Water Modeling Standard Scenarios and Standard Scenario Metadata Files; Notice of Availability.","0b000064800b50c4"
"EPA-HQ-OPP-2005-0091","Nonrulemaking","2020-02-20T01:01:52Z","EPA","The Association of American Pesticide Control Officials/State FIFRA Issues Research and Evaluation Group Working Committee on Water Quality and Pesticide Disposal; Notice of Public Meeting","0b000064800b5547"
"EPA-HQ-OPP-2003-0112","Nonrulemaking","2020-02-20T01:01:52Z","EPA","The Association of American Pesticide Control Officials/State FIFRA Issues Research and Evaluation Group ; Working Committee on Water Quality and Pesticide Disposal;  Notice of Public Meeting","0b000064800b55e1"
"EPA-HQ-OPP-2003-0090","Nonrulemaking","2020-02-20T01:02:01Z","EPA","EPA's Office of Water and its Contractor, ICF and its Subcontractors RTI, Sci Comm, Inc., and Appl, Inc.; Transfer of Data","0b000064800b74c6"
"EPA-HQ-OECA-2004-0002","Nonrulemaking","2020-02-20T01:02:03Z","EPA","Clean Water Act Class II: Proposed Administrative Settlement, Penalty Assessment and Opportunity to Comment Regarding Nash Finch Company","0b000064800b7784"
"EPA-HQ-OECA-2003-0015","Nonrulemaking","2020-02-20T01:02:03Z","EPA","Public Water System Annual Compliance Report (EPA ICR 1812.02, OMB control # 2020-0020)","0b000064800b77bc"
"EPA-HQ-OECA-2004-0003","Nonrulemaking","2020-02-20T01:02:03Z","EPA","Annual Public Water Systems Compliance Report","0b000064800b7809"
"EPA-HQ-OPP-2004-0330","Nonrulemaking","2020-02-20T01:02:04Z","EPA","The Association of American Pesticide Control Officials; State FIFRA Issues Research and Evaluation Group; Working Committee on Water Quality and Pesticide Disposal; Notice of Public Meeting","0b000064800b7d3f"
"EPA-HQ-OPP-2002-0259","Nonrulemaking","2020-02-20T01:02:05Z","EPA","The Association of American Pesticide Control Officials; State FIFRA Issues Research and Evaluation Group; Working Committee on Water (Meeting to be Held on October 28, 2002)","0b000064800b801f"
"EPA-HQ-OECA-2005-0005","Nonrulemaking","2020-02-20T01:02:07Z","EPA","Clean Water Act Class II:  Proposed Administrative Settlement, Penalty Assessment and Opportunity to Comment Regarding WorldCom, Inc.","0b000064800b8812"
"EPA-HQ-OECA-2004-0025","Nonrulemaking","2020-02-20T01:02:09Z","EPA","Clean Water Act Class II: Proposed Administrative Settlement, Penalty Assessment and Opportunity to Comment Regarding Advance Auto Parts, Incorporated","0b000064800b8a39"
"EPA-HQ-OECA-2005-0006","Nonrulemaking","2020-02-20T01:02:09Z","EPA","Clean Water Act Class II: Proposed Administrative Settlement, Penalty Assessment and Opportunity to Comment Regarding Standard Steel, a Division of Freedom Forge Corporation","0b000064800b888e"
"EPA-HQ-OECA-2005-0011","Nonrulemaking","2020-02-20T01:02:12Z","EPA","Clean Water Act Class II: Proposed Administrative Penalty Assessment and Opportunity to Comment Regarding AT&T Corporation","0b000064800b9188"
"EPA-HQ-OECA-2005-0009","Nonrulemaking","2020-02-20T01:02:12Z","EPA","Clean Water Act Class II: Proposed Administrative Penalty Assessment and Opportunity to Comment Regarding AirTouch Communications, Inc.","0b000064800b910c"
"EPA-HQ-OECA-2005-0010","Nonrulemaking","2020-02-20T01:02:12Z","EPA","Clean Water Act Class II: Proposed Administrative Penalty Assessment and Opportunity to Comment Regarding QWEST Communication, International, Inc. et al.","0b000064800b9147"
"EPA-HQ-OECA-2005-0012","Nonrulemaking","2020-02-20T01:02:13Z","EPA","Clean Water Act Class II: Proposed Administrative Penalty Assessment and Opportunity to Comment Regarding AT&T Broadband, LLC","0b000064800b91c9"
"EPA-HQ-OECA-2005-0013","Nonrulemaking","2020-02-20T01:02:13Z","EPA","Clean Water Act Class II: Proposed Administrative Penalty Assessment and Opportunity to Comment Regarding Saputo Cheese USA, Inc.","0b000064800b9211"
"EPA-HQ-OECA-2003-0133","Nonrulemaking","2020-02-20T01:02:17Z","EPA","Clean Water Act Class II: Proposed Administrative Penalty Assessment and Opportunity to Comment Regarding Southwestern Bell Telephone Company","0b000064800b9ee7"
"EPA-HQ-OECA-2003-0132","Nonrulemaking","2020-02-20T01:02:17Z","EPA","Clean Water Act Class II: Proposed Administrative Penalty Assessment and Opportunity to Comment Regarding United States Cellular Corporation","0b000064800b9e59"
"EPA-HQ-OECA-2003-0135","Nonrulemaking","2020-02-20T01:02:17Z","EPA","Clean Water Act II: Proposed Administrative Penalty Assessment and Opportunity to Comment Regarding Cellco Partnership and its Affiliates Doing Business as Bell Atlantic Mobile or Cellular One","0b000064800ba21f"
"EPA-HQ-OECA-2005-0055","Nonrulemaking","2020-02-20T01:02:18Z","EPA","Clean Water Act Class II: Proposed Administrative Settlement, Penalty Assessment and Opportunity to Comment Regarding XO Communications, Inc.","0b000064800ba24d"
"EPA-HQ-OECA-2005-0059","Nonrulemaking","2020-02-20T01:02:18Z","EPA","Clean Water Act Class II: Proposed Administrative Settlement, Penalty Assessment and Opportunity To Comment Regarding  ADT Security Services, Inc.","0b000064800ba2cc"
"EPA-HQ-OECA-2005-0056","Nonrulemaking","2020-02-20T01:02:18Z","EPA","Clean Water Act Class II: Proposed Administrative Penalty Assessment and Opportunity to Comment Regarding Broadwing Communications, Inc.","0b000064800ba26f"
"EPA-HQ-OECA-2005-0061","Nonrulemaking","2020-02-20T01:02:18Z","EPA","Clean Water Act Class II: Proposed Administrative Settlement, Penalty Assessment and Opportunity to Comment Regarding NEXTEL Communications, Inc. al. and NII Holding, Inc.","0b000064800ba33a"
"EPA-HQ-OECA-2005-0058","Nonrulemaking","2020-02-20T01:02:18Z","EPA","Clean Water Act Class II: Proposed Administrative Settlement, Penalty Assessment and Opportunity To Comment Regarding  Dobson Cellular Systems, Inc. and American Cellular Corporation","0b000064800ba2a9"
"EPA-HQ-OECA-2005-0060","Nonrulemaking","2020-02-20T01:02:18Z","EPA","Clean Water Act Class II: Proposed Administrative Settlement, Penalty Assessment and Opportunity To Comment Regarding IPSCO Steel, Inc.","0b000064800ba311"
"EPA-HQ-OPP-2004-0096","Nonrulemaking","2020-02-20T01:02:19Z","EPA","The Association of American Pesticide Control Officials/State FIFRA Issues Research and Evaluation Group; Working Committee on Water Quality and Pesticide Disposal; Notice of Public Meeting","0b000064800ba55c"
"EPA-HQ-OECA-2003-0137","Nonrulemaking","2020-02-20T01:02:19Z","EPA","Clean Water Act Class II: Proposed Administrative Settlement, Penalty Assessment and Opportunity To Comment Regarding Paging Network Inc.","0b000064800ba7be"
"EPA-HQ-OECA-2003-0150","Nonrulemaking","2020-02-20T01:02:20Z","EPA","Clean Water Act Class II: Proposed Administrative Settlement, Penalty Assessment and Opportunity To Comment Regarding the Bell Atlantic Companies","0b000064800ba993"
"EPA-HQ-OECA-2003-0147","Nonrulemaking","2020-02-20T01:02:20Z","EPA","Clean Water Act Class II: Proposed Administrative Settlement, Penalty Assessment and Opportunity To Comment Regarding BellSouth Corporation","0b000064800ba957"
"EPA-HQ-OECA-2003-0151","Nonrulemaking","2020-02-20T01:02:20Z","EPA","Clean Water Act Class II: Proposed Administrative Settlement, Penalty Assessment and Opportunity To Comment Regarding MCI WORLDCOM, Inc.","0b000064800ba9a4"
"EPA-HQ-OECA-2003-0149","Nonrulemaking","2020-02-20T01:02:20Z","EPA","Clean Water Act Class II: Proposed Administrative Settlement, Penalty Assessment and Opportunity To Comment Regarding Western Wireless Corporation and VoiceStream Wireless Corporation","0b000064800ba980"
"EPA-HQ-OECA-2003-0148","Nonrulemaking","2020-02-20T01:02:20Z","EPA","Clean Water Act Class II: Proposed Administrative Settlement, Penalty Assessment and Opportunity To Comment Regarding US WEST Communications, Inc.","0b000064800ba96d"
"EPA-HQ-OW-2001-0001","Rulemaking","2020-02-20T01:02:28Z","EPA","National Primary Drinking Water Regulations; Arsenic and Clarifications to Compliance and New Source Contaminants Monitoring","0b000064800bc996"
"EPA-HQ-OW-2001-0002","Nonrulemaking","2020-02-20T01:02:33Z","EPA","Underground Injection Control; Request for Information on Ground Water Contamination Incidents Believed to be Due to Hydraulic Fracturing of Coalbed Methane Wells.","0b000064800bd7dc"
"EPA-HQ-OW-2001-0003","Nonrulemaking","2020-02-20T01:02:35Z","EPA","Data Elements for Reporting Water Quality Results of Chemical and Microbiological Analytes.","0b000064800be05d"
"EPA-HQ-OW-2001-0004","Rulemaking","2020-02-20T01:02:35Z","EPA","Unregulated Contaminant Monitoring Regulation for Public Water Systems; Analytical Methods for List 2 Contaminants; Clarifications to the Unregulated Contaminated Monitoring Regulation.","0b000064800be0c8"
"EPA-HQ-OW-2001-0008","Rulemaking","2020-02-20T01:02:35Z","EPA","Revision of Existing Variance and Exemption Regulations to Comply with Requirements of theSafe Drinking Water Act.","0b000064800be570"
"EPA-HQ-OW-2001-0009","Nonrulemaking","2020-02-20T01:02:35Z","EPA","Announcement of Public Comment Period for Draft National Beach Guidance and Performance Criteria for Recreation Waters.  Notice of Availability; Request for Comments","0b000064800be6aa"
"EPA-HQ-OW-2001-0005","Rulemaking","2020-02-20T01:02:35Z","EPA","National Primary Drinking Water Regulations: MinorRevisionsto Public Notification Rule, ConsumerConfidenceReport Rule,and Primacy Rule.","0b000064800be361"
"EPA-HQ-OW-2001-0006","Rulemaking","2020-02-20T01:02:35Z","EPA","Revisions to the Interim Enhanced Surface Water Treatment Rule (IESWTR), the Stage 1 Disinfectants and Disinfection Byproducts Rule (Stage 1 DBPR), and Revisions to State Primacy Requirements to Implement the Safe Drinking Water Act (SDWA) Amendments.","0b000064800be485"
"EPA-HQ-OW-2001-0011","Rulemaking","2020-02-20T01:02:36Z","EPA","Suspension of Unregulated Contaminant Monitoring Requirements for Small Public Water Systems","0b000064800be8cc"
"EPA-HQ-OW-2002-0071","Nonrulemaking","2020-02-20T01:02:37Z","EPA","Notice of Ambient Aquatic Life Water Quality Criteria forTributyltin (TBT)","0b000064800bee63"
"EPA-HQ-OW-2002-0054","Nonrulemaking","2020-02-20T01:02:37Z","EPA","Revision of National Recommended Water Quality Criteria.","0b000064800bf367"
"EPA-HQ-OW-2002-0070","Nonrulemaking","2020-02-20T01:02:37Z","EPA","Availability of Draft Ballast Water Report and Request for Comments","0b000064800bee3e"
"EPA-HQ-OW-2002-0052","Rulemaking","2020-02-20T01:02:37Z","EPA","National Pollutant Discharge Elimination System - Amendment of Final Regulations Addressing Cooling Water Intake Structures for New Facilities.","0b000064800bf1f4"
"EPA-HQ-OW-2002-0061","Rulemaking","2020-02-20T01:02:37Z","EPA","National Primary Drinking Water Regulations: Ground Water Rule","0b000064800bef1f"
"EPA-HQ-OW-2002-0067","Rulemaking","2020-02-20T01:02:37Z","EPA","Revisions to the Water Quality Planning and Management Regulation Listing Requirements","0b000064800bf0c0"
"EPA-HQ-OW-2002-0069","Nonrulemaking","2020-02-20T01:02:38Z","EPA","Reporting Requirements Under EPA's Water Alliances for Voluntary Efficiency (WAVE) Program.  EPA ICR No. 1654.04/OMB No. 2040-0164.","0b000064800bfb84"
"EPA-HQ-OW-2002-0055","Nonrulemaking","2020-02-20T01:02:38Z","EPA","Final National Pollutant Discharge Elimination System (NPDES) General Permit for Storm Water Discharges from Construction Activities.","0b000064800bfcff"
"EPA-HQ-OW-2002-0010","Rulemaking","2020-02-20T01:02:40Z","EPA","Guidelines Establishing Test Procedures for the Analysis of Pollutants; Analytical Methods for Biological Pollutants in Ambient Water.","0b000064800c0675"
"EPA-HQ-OW-2002-0032","Nonrulemaking","2020-02-20T01:02:40Z","EPA","Clean Water Act Section 404 State Assumed  Programs. ICR#0220.09, OMB# 2040-0168.","0b000064800c09a3"
"EPA-HQ-OW-2002-0001","Nonrulemaking","2020-02-20T01:02:40Z","EPA","Notice of Availability; Evaluation of Dredged Material Proposed for Discharge in Waters of the U.S. -- Testing Manual","0b000064800c08d8"
"EPA-HQ-OW-2002-0031","Nonrulemaking","2020-02-20T01:02:40Z","EPA","National Primary and Secondary Drinking Water Regulations: Approval of Analytical Methods for Chemical  and Microbiological Contaminants; Clarifying Information on the  Colitag Method","0b000064800c0830"
"EPA-HQ-OW-2002-0021","Rulemaking","2020-02-20T01:02:41Z","EPA","Announcement of Regulatory Determinations for Priority Contaminants on the Drinking Water Contaminant Candidate List.","0b000064800c0b3b"
"EPA-HQ-OW-2002-0006","Nonrulemaking","2020-02-20T01:02:41Z","EPA","National Recommended Water Quality Criteria.  Compilation of Recommended Water Quality Criteria and Notice of Process for New & Revised Criteria.","0b000064800c0d5b"
"EPA-HQ-OW-2002-0004","Rulemaking","2020-02-20T01:02:41Z","EPA","Public Review Draft Guidelines for the Certification and Recertification of the Operators of Community and Nontransient Noncommunity Public Water Systems","0b000064800c0af8"
"EPA-HQ-OW-2002-0012","Nonrulemaking","2020-02-20T01:02:41Z","EPA","National Primary Drinking Water Regulations; Announcement of EPA's Review of Existing Drinking Water Standards and Request for Public Comment.","0b000064800c0d76"
"EPA-HQ-OW-2003-0020","Nonrulemaking","2020-02-20T01:02:41Z","EPA","State Source Water Assessment and Protection Programs (ICR # 1816.02, OMB control # 2040-0197)","0b000064800c116d"
"EPA-HQ-OW-2002-0005","Nonrulemaking","2020-02-20T01:02:41Z","EPA","Memorandum of Agreement Between the Environmental Protection Agency, Fish and Wildlife Service, and National Marine Fisheries Service Regarding Enhanced Coordination Under the Clean Water Act and The Endangered Species Act","0b000064800c0d01"
"EPA-HQ-OW-2002-0007","Rulemaking","2020-02-20T01:02:41Z","EPA","Streamlining the General Pretreatment Regulations for Existing and New Source of Pollution","0b000064800c102a"
"EPA-HQ-OW-2002-0057","Rulemaking","2020-02-20T01:02:42Z","EPA","Minor Clarification of National Primary Drinking Water Regulation for Arsenic.","0b000064800c12c0"
"EPA-HQ-OW-2002-0022","Nonrulemaking","2020-02-20T01:02:42Z","EPA","Water Quality Standards for Kentucky.","0b000064800c135a"
"EPA-HQ-OW-2004-0010","Rulemaking","2020-02-20T01:02:43Z","EPA","Water Quality Standards for Coastal and Great Lakes Recreation Waters","0b000064800c1691"
"EPA-HQ-OW-2002-0013","Rulemaking","2020-02-20T01:02:44Z","EPA","Unregulated Contaminant Monitoring Regulation:  Approval of Analytical Method for Aeromonas.  National Primary and Secondary Drinking Water Regulations:  Approval of Analytical Methods for Chemical and Microbiological Contaminants","0b000064800c1a19"
"EPA-HQ-OW-2002-0008","Rulemaking","2020-02-20T01:02:44Z","EPA","National Primary Drinking Water Regulations: Long Term 1Enhanced Surface Water Treatment and Filter Backwash Rule.","0b000064800c1c96"
"EPA-HQ-OW-2004-0030","Nonrulemaking","2020-02-20T01:02:44Z","EPA","Establishing No Discharge Zone Under Clean Water Act  Section 312","0b000064800c1ce0"
"EPA-HQ-OW-2002-0023","Nonrulemaking","2020-02-20T01:02:44Z","EPA","Water Quality Standards for Alabama","0b000064800c179b"
"EPA-HQ-OW-2004-0040","Rulemaking","2020-02-20T01:02:45Z","EPA","National Primary Drinking Water Regulations; Radionuclides","0b000064800c1f48"
"EPA-HQ-OW-2002-0016","Nonrulemaking","2020-02-20T01:02:45Z","EPA","Water Quality Trading Policy; Issuance of Final Policy.","0b000064800c1f18"
"EPA-HQ-OW-2003-0071","Nonrulemaking","2020-02-20T01:02:45Z","EPA","Availability of Decision on Petition for Rulemaking to Repeal Regulation Related to Ballast Water","0b000064800c208c"
"EPA-HQ-OW-2003-0005","Nonrulemaking","2020-02-20T01:02:45Z","EPA","Industry Detailed Questionnaire: Phase III Cooling Water Intake Structures, EPA ICR No. 1838.02, OMB # 2040-0213","0b000064800c1f1d"
"EPA-HQ-OW-2002-0028","Nonrulemaking","2020-02-20T01:02:45Z","EPA","Guidelines Establishing Test Procedures for the Analysis of Pollutants; Measurement of Mercury in Water; Revisions to EPA Method 1631.","0b000064800c26fd"
"EPA-HQ-OW-2003-0072","Nonrulemaking","2020-02-20T01:02:45Z","EPA","Water Quality Standards for Puerto Rico","0b000064800c214b"
"EPA-HQ-OW-2003-0015","Rulemaking","2020-02-20T01:02:46Z","EPA","Water Quality Standards; Withdrawal of Federal Aquatic Life Water Quality Criteria for Copper and Nickel Applicable to South San Francisco Bay, California.","0b000064800c30d6"
"EPA-HQ-OW-2005-0010","Rulemaking","2020-02-20T01:02:46Z","EPA","Water Quality Standards; Establishment of Numeric Criteria for Priority Toxic Pollutants; States' Compliance - Revision of Polychlorinated Biphenyls (PCBs) Criteria","0b000064800c2a6f"
"EPA-HQ-OW-2003-0012","Nonrulemaking","2020-02-20T01:02:46Z","EPA","2003 Drinking Water Infrastructure Needs Survey (EPA ICR # 2085.01, OMB control # 2040-0251)","0b000064800c2e46"
"EPA-HQ-OW-2003-0010","Rulemaking","2020-02-20T01:02:46Z","EPA","Office of Water Docket Index for Effluent Limitations Guidelines and Pretreatment Standards for the Industrial Laundries Point Source Category.","0b000064800c2cf0"
"EPA-HQ-OW-2003-0018","Nonrulemaking","2020-02-20T01:02:47Z","EPA","Water Quality Standards Regulation (ICR # 0988.09, OMB control # 2040-0049)","0b000064800c32db"
"EPA-HQ-OW-2003-0065","Nonrulemaking","2020-02-20T01:02:47Z","EPA","Application of the Safe Drinking Water Act (SDWA) to Submetered Properties","0b000064800c34b7"
"EPA-HQ-OW-2003-0031","Nonrulemaking","2020-02-20T01:02:47Z","EPA","Drinking Water State Revolving Fund Program (DWSRF)(ICR # 1791.03, OMB control # 2040-0187).","0b000064800c37b2"
"EPA-HQ-OW-2003-0030","Nonrulemaking","2020-02-20T01:02:47Z","EPA","Agency Information Collection Activities: Submission to OMB for Review and Approval; Comment Request; National Pollutant Discharge Elimination System Great Lakes Water Quality Guidance, EPA ICR Number 1639.05, OMB Control Number 2040-0180","0b000064800c3730"
"EPA-HQ-OW-2003-0027","Nonrulemaking","2020-02-20T01:02:47Z","EPA","State Water Quality Program Management Resource Analysis.  EPA ICR No. 1945.02/OMB Control No. 2040-0216.","0b000064800c345e"
"EPA-HQ-OW-2003-0041","Rulemaking","2020-02-20T01:02:48Z","EPA","National Primary Drinking Water Regulations; Radon-222","0b000064800c3b1a"
"EPA-HQ-OW-2002-0009","Nonrulemaking","2020-02-20T01:02:48Z","EPA","Recognition Awards Under the Clean Water Act.","0b000064800c3b25"
"EPA-HQ-OW-2003-0034","Nonrulemaking","2020-02-20T01:02:48Z","EPA","Public Water System Supervision Program: Public Notification Amendment (ICR # 0270.41, OMB control # 2040-0090)","0b000064800c391f"
"EPA-HQ-OW-2003-0068","Rulemaking","2020-02-20T01:02:48Z","EPA","Water Quality Standards for Oregon.","0b000064800c3b4a"
"EPA-HQ-OW-2003-0067","Rulemaking","2020-02-20T01:02:48Z","EPA","National Primary Drinking Water Regulation for Uranium","0b000064800c3a70"
"EPA-HQ-OW-2002-0036","Nonrulemaking","2020-02-20T01:02:48Z","EPA","Preliminary Administrative Determination Document on the Question of Whether Ferric Ferrocyanide Is One of the ""Cyanides"" Within the Meaning of the List of Toxic Pollutants Under the Clean Water Act.","0b000064800c3b1b"
"EPA-HQ-OW-2003-0046","Nonrulemaking","2020-02-20T01:02:49Z","EPA","Arsenic in Drinking Water (National Primary Drinking Water Regulations) (ICR # 1948.02, OMB Control # 2040-0231)","0b000064800c44dc"
"EPA-HQ-ORD-2003-0009","Nonrulemaking","2020-02-20T01:02:49Z","EPA","National Epidemiological and Environmental Assessment of Recreation Water Study (NEEAR) (ICR # 2081.01, OMB control # 2080-0068)","0b000064800c415d"
"EPA-HQ-OW-2003-0044","Nonrulemaking","2020-02-20T01:02:49Z","EPA","Information Collection Request for National Primary Drinking Water Regulations: Radionuclides (Final Rule) (ICR # 1972.01, OMB Control # 2040-0228)","0b000064800c4481"
"EPA-HQ-OW-2003-0050","Nonrulemaking","2020-02-20T01:02:50Z","EPA","National Primary Drinking Water Regulations for Lead and Copper; Final Rule (ICR # 1912.01, OMB Control # 0210)","0b000064800c45eb"
"EPA-HQ-OW-2003-0054","Nonrulemaking","2020-02-20T01:02:50Z","EPA","National Survey of the Financial and Operating Characteristics of Community Water Suppliers (ICR # 1946.01, OMB Control # 2040-0227)","0b000064800c472d"
"EPA-HQ-OW-2002-0037","Rulemaking","2020-02-20T01:02:51Z","EPA","Withdrawal of Revisions to the Water Quality Planning  and Management Regulation and Revisions to the  National Pollutant Discharge Elimination System Program in  Support of  Revisions to the  Water Quality Planning and  Management Regulation.","0b000064800c4e70"
"EPA-HQ-OW-2003-0080","Nonrulemaking","2020-02-20T01:02:52Z","EPA","Notice of Draft Ambient Water Quality  Criteria Document for Nonylphenol and Request for Scientific Views","0b000064800c5ee4"
"EPA-HQ-OW-2005-0011","Nonrulemaking","2020-02-20T01:02:52Z","EPA","Drinking Water Contaminant Candidate List","0b000064800c591d"
"EPA-HQ-OW-2004-0006","Rulemaking","2020-02-20T01:02:53Z","EPA","Alaska, Arkansas, and Puerto Rico: Removal of Certain Federal Water Quality Criteria","0b000064800c6db7"
"EPA-HQ-OW-2004-0004","Nonrulemaking","2020-02-20T01:02:53Z","EPA","Notice of Availability: Tribal Drinking Water Operator Certification Program Draft Final Guidelines","0b000064800c6cf8"
"EPA-HQ-OW-2004-0017","Nonrulemaking","2020-02-20T01:02:53Z","EPA","Combined Sewer Overflow Control Policy Information Collection Request Renewal","0b000064800c6cd9"
"EPA-HQ-OW-2003-0082","Nonrulemaking","2020-02-20T01:02:53Z","EPA","Notice of Availability of Draft Revised Ambient Water Quality Criteria for the Protection of Human Health Document for Chloroform and Request for Scientific Views","0b000064800c60e5"
"EPA-HQ-ORD-2005-0009","Nonrulemaking","2020-02-20T01:02:54Z","EPA","Board of Scientific Counselors Drinking Water Program Review Subcommittee Meetings: Spring 2005","0b000064800c7320"
"EPA-HQ-OW-2002-0045","Nonrulemaking","2020-02-20T01:02:54Z","EPA","Water Quality Standards for Michigan.  Withdrawal of Federal Water Quality Criteria for Toxic Pollutants.","0b000064800c75d2"
"EPA-HQ-OW-2004-0007","Nonrulemaking","2020-02-20T01:02:54Z","EPA","Public Water System Supervision Program Information Collection Request","0b000064800c7284"
"EPA-HQ-OW-2002-0046","Nonrulemaking","2020-02-20T01:02:55Z","EPA","Radon in Drinking Water: Health Risk Reduction and Cost Analysis","0b000064800c79d4"
"EPA-HQ-OW-2005-0014","Rulemaking","2020-02-20T01:02:56Z","EPA","Revisions to Water Quality Standards","0b000064800c804f"
"EPA-HQ-RCRA-1984-0006","Rulemaking","2020-02-20T01:03:03Z","EPA","HAZARDOUS WASTE MANAGEMENT SYSTEM; GROUND WATER TESTING AND MONITORING ACTIVITIES","0b000064800c9a46"
"EPA-HQ-OW-2004-0034","Rulemaking","2020-02-20T01:03:18Z","EPA","Revised Allotment Formula for Interstate Monies Appropriated Under Section 106 of the Clean Water Act","0b000064800cc2e0"
"EPA-HQ-OW-2005-0016","Rulemaking","2020-02-20T01:03:19Z","EPA","Storm Water Phase II Direct Final/Proposed Rule: Amendments to Requirements for National Pollutant Discharge Elimination System (NPDES) Permits for Storm Water Discharges Under Section 402 (p) (6) of the Clean Water Act","0b000064800cc7d6"
"EPA-HQ-OW-2005-0017","Rulemaking","2020-02-20T01:03:20Z","EPA","Streamlining Test Procedures for Analysis of Pollutants and National Primary Drinking Water Regulations","0b000064800cc812"
"EPA-HQ-OPA-1992-0002","Rulemaking","2020-02-20T01:03:25Z","EPA","Civil Penalty Provisions for the Oil Pollution Prevention Regulations, Clean Water Act Notification Provision and Prohibition Against Unauthorized Discharges of Oil and Hazardous Substances.","0b000064800cdef3"
"EPA-HQ-OW-2005-0020","Nonrulemaking","2020-02-20T01:03:27Z","EPA","Recommended Ambient Water Quality Criteria for Ammonia - 1999 Update","0b000064800cedb3"
"EPA-HQ-OPA-1987-0001","Rulemaking","2020-02-20T01:03:28Z","EPA","Water Programs; Discharge of Oil","0b000064800cf5c2"
"EPA-HQ-OW-2005-0021","Rulemaking","2020-02-20T01:03:34Z","EPA","Water Quality Standards: Establishment of Numeric Criteria for Priority Toxic Pollutants; States' (States) Compliance","0b000064800d07b9"
"EPA-HQ-RCRA-1990-0061","Rulemaking","2020-02-20T01:03:36Z","EPA","PETROLEUM REFINERY PRIMARY AND SECONDARY OIL/WATER/SOLIDS SEPARATION SLUDGE LISTINGS; CORRECTION","0b000064800d1088"
"EPA-HQ-RCRA-1990-0062","Rulemaking","2020-02-20T01:03:36Z","EPA","HAZARDOUS WASTE MANAGEMENT SYSTEM; IDENTIFICATION AND LISTING OF HAZARDOUS WASTE; CERCLA HAZARDOUS SUBSTANCE DESIGNATION - PETROLEUM REFINERY PRIMARY AND SECONDARY OIL/WATER/SOLIDS SEPARATION SLUDGE LISTINGS (F037 AND F038), (EPA/OSWFR91007)","0b000064800d109b"
"EPA-HQ-OW-2005-0031","Nonrulemaking","2020-02-20T01:03:36Z","EPA","Drinking Water Monitoring Requirements for Certain Chemical Contaminants - Chemical Monitoring Reform (CMR) and Permanent Relief Monitoring (PMR)","0b000064800d10d3"
"EPA-HQ-OW-2005-0032","Rulemaking","2020-02-20T01:03:37Z","EPA","Modification of Secondary Treatment Requirements for Discharges into Marine Waters","0b000064800d142c"
"EPA-HQ-RCRA-1991-0055","Rulemaking","2020-02-20T01:03:41Z","EPA","HAZARDOUS WASTE MANAGEMENT SYSTEM; IDENTIFICATION AND LISTING OF HAZARDOUS WASTE; CERCLA HAZARDOUS SUBSTANCE DESIGNATION - PETROLEUM REFINERY PRIMARY AND SECONDARY OIL/WATER/SOLIDS SEPARATION SLUDGE LISTINGS (F037 AND F038), (EPA/OSWFR91019)","0b000064800d2bd2"
"EPA-HQ-OW-2005-0035","Nonrulemaking","2020-02-20T01:03:47Z","EPA","Guidelines Establishing Test Procedures for the Analysis of Pollutants Under the Clean Water Act, National Primary Drinking Water Regulations; and National Secondary Drinking Water Regulations; Methods Update","0b000064800d498b"
"EPA-HQ-OW-2005-0038","Rulemaking","2020-02-20T01:03:49Z","EPA","Allotment Formula for Clean Water Act (CWA) Section 106 Funds; Amendment","0b000064800d5401"
"EPA-HQ-RCRA-1993-0113","Rulemaking","2020-02-20T01:03:53Z","EPA","STANDARDS FOR THE USE OR DISPOSAL OF SEWAGE SLUDGE (INFORMATION AVAILABLE FROM OFFICE OF WATER, SLUDGE RISK ASSESSMENT BRANCH)","0b000064800d6f51"
"EPA-HQ-RCRA-1995-0054","Rulemaking","2020-02-20T01:04:04Z","EPA","LAND DISPOSAL RESTRICTIONS - PHASE IV: ISSUES ASSOCIATED WITH CLEAN WATER ACT TREATMENT EQUIVALENCY, AND TREATMENT STANDARDS FOR WOOD PRESERVING WASTES AND TOXICITY CHARACTERISTIC METAL WASTES, PROPOSED RULE, CORRECTION","0b000064800da350"
"EPA-HQ-RCRA-1995-0055","Rulemaking","2020-02-20T01:04:04Z","EPA","LAND DISPOSAL RESTRICTIONS - PHASE IV: ISSUES ASSOCIATED WITH CLEAN WATER ACT TREATMENT EQUIVALENCY, AND TREATMENT STANDARDS FOR WOOD PRESERVING WASTES AND TOXICITY CHARACTERISTIC METAL WASTES, PROPOSED RULE, (EPA/530-Z-95-011)","0b000064800da365"
"EPA-HQ-RCRA-1996-0053","Rulemaking","2020-02-20T01:04:06Z","EPA","LAND DISPOSAL RESTRICTIONS PHASE IV PROPOSED RULE - ISSUES ASSOCIATED WITH CLEAN WATER ACT TREATMENT EQUIVALENCY, AND TREATMENT STANDARDS FOR WOOD PRESERVING WASTES AND TOXICITY CHARACTERISTIC METAL WASTES; NOTICE OF DATA AVAILABILITY","0b000064800daeef"
"EPA-HQ-RCRA-1999-0020","Rulemaking","2020-02-20T01:04:09Z","EPA","180-Day Accumulation Time for Waste Water Treatment Sludges from the Metal Finishing Industry (F006); Proposed Rule","0b000064800dc686"
"EPA-HQ-RCRA-2000-0014","Rulemaking","2020-02-20T01:04:16Z","EPA","180-Day Accumulation Time under RCRA for Waste Water Treatment Sludges from the Metal Finishing Industry (F006); Final Rule","0b000064800deb1d"
"EPA-HQ-RCRA-1999-0077","Rulemaking","2020-02-20T01:04:19Z","EPA","Guidelines Establishing Test Procedures for the Analysis of Oil and Grease and Non-Polar Material under the Clean Water Act and the Resource Conservation and Recovery Act; Final Rule (Test Methods for Evaluating Solid Waste; Final Update IIIA)","0b000064800df20c"
"EPA-HQ-OW-2007-0838","Nonrulemaking","2020-02-20T01:04:41Z","EPA","Applicability of the Safe Drinking Water Act to Submetered Properties","0b00006480274157"
"EPA-HQ-SFUND-2007-0864","Nonrulemaking","2020-02-20T01:04:42Z","EPA","Presumptive Response Strategy and Ex-Situ Treatment Technologies For Contaminated Ground Water at CERCLA Sites: Final Guidance","0b00006480276932"
"EPA-HQ-ORD-2009-0114","Nonrulemaking","2020-02-20T01:04:47Z","EPA","Questionnaire For Drinking Water Utilities Participating In Emerging Contaminant Sampling Program","0b0000648084fd2c"
"EPA-R04-OAR-2018-0807","Rulemaking","2020-02-20T01:09:29Z","EPA","Jefferson County 6.26v3 Existing VOC Water Separators and 7.36v4  New VOC Water Separators","0b0000648390f090"
"EPA-R01-OW-2014-0202","Nonrulemaking","2020-02-20T01:10:21Z","EPA","MA coastal waters - Marine Sanitation Device - Remaining waters","0b000064815f40cb"
"EPA-R04-OW-2016-0528","Nonrulemaking","2020-02-20T01:10:56Z","EPA","Public Water System Supervision Program Revision for the State of Florida - July 2016","0b000064821be3b0"
"EPA-R09-OAR-2017-0596","Nonrulemaking","2020-02-20T01:11:01Z","EPA","Tule River Waste Water Treatment Plant - Minor NSR Permit","0b00006482bcf5df"
"EPA-R08-OW-2019-0219","Nonrulemaking","2020-02-20T01:11:57Z","EPA","Proposed Issuance of National Pollutant Discharge Elimination System General Permit for Wastewater Discharges Associated with Drinking Water Production Located in the EPA Region 8 Indian Country","0b00006483bbb634"
"EPA-HQ-OW-2002-0068","Rulemaking","2020-02-26T16:51:02Z","EPA","Modification  of  National  Pollutant  Discharge Elimination  System  (NPDES)  Permit  Deadline  for Storm Water  Discharges  for Oil  and  Gas  Construction  Activity That  Disturbs Between  One and  Five  Acres of  Land","0b000064800bf0e8"
"EPA-R08-OW-2019-0404","Nonrulemaking","2020-03-13T10:50:25Z","EPA","Public Notice: Opportunity to Comment on Denver Water's Request for a Variance from Optimal Corrosion Control Treatment under the Lead and Copper Rule","0b00006483d542f0"
"EPA-HQ-OGC-2019-0667","Nonrulemaking","2020-03-16T13:30:03Z","EPA","Natural Resources Defense Council et al. v. United States Environmental Protection Agency et al., No. 1:19-cv-02516 (S.D.N.Y.)","0b0000648419a092"
"EPA-HQ-OPP-2020-0022","Rulemaking","2020-03-30T13:58:17Z","EPA","Spinetoram; Pesticide Tolerances","0b000064842b122b"
"EPA-HQ-RCRA-2009-0640","Rulemaking","2020-04-09T12:04:35Z","EPA","Hazardous and Solid Waste Management System; Identification and Listing of Special Wastes; Disposal of Coal Combustion Residuals from Electric Utilities","0b00006480a081ba"
"EPA-HQ-OW-2019-0566","Nonrulemaking","2020-04-16T10:18:08Z","EPA","Proposed Information Collection Request; Comment Request; Water Quality Certification Regulations","0b00006483fcd4fd"
"EPA-HQ-OGC-2020-0140","Nonrulemaking","2020-05-20T17:19:37Z","EPA","Waterkeeper Alliance, Inc. et al v. U.S. et al, EPA, No. 1:19-cv-00899","0b00006484428cc8"
"EPA-HQ-OW-2008-0692","Nonrulemaking","2020-07-21T08:26:36Z","EPA","Drinking Water: Preliminary Regulatory Determination on Perchlorate","0b000064806f89c1"
"EPA-HQ-OW-2009-0297","Nonrulemaking","2020-07-21T08:31:19Z","EPA","Drinking Water: Perchlorate Supplemental Request for Comments","0b00006480966593"
"EPA-HQ-OPPT-2016-0399","Rulemaking","2020-07-24T18:20:25Z","EPA","Risk-Based Prioritization Procedural Rule under TSCA section 6(b)(1)","0b000064820a38ec"
"EPA-HQ-OW-2020-0026","Nonrulemaking","2020-07-29T12:50:50Z","EPA","Notice of Recent Specifications Review and Request for Information on WaterSense Program Specifications Review","0b000064842b8f9d"
"EPA-HQ-OW-2020-0008","Nonrulemaking","2020-07-29T12:52:12Z","EPA","Comment on whether EPA’s approval of a Clean Water Act Section 404 program is non-discretionary for purposes of Endangered Species Act Section 7 Consultation","0b000064842711f5"
"EPA-HQ-OW-2015-0665","Nonrulemaking","2020-07-30T15:30:41Z","EPA","Preliminary and Final 2016 Effluent Guidelines Plan and 2015/2016 Annual Reviews","0b00006481c8bbf3"
"EPA-HQ-SFUND-2010-0636","Rulemaking","2020-08-19T12:16:16Z","EPA","National Priorities List, Notice of Proposed Rulemaking - Hormigas Ground Water Plume","0b00006480b1f6c2"
"EPA-HQ-OW-2020-0017","Nonrulemaking","2020-08-25T10:30:58Z","EPA","Request for the 2020 Drinking Water Infrastructure Needs Survey and Assessment (DWINSA)","0b0000648429ede3"
"EPA-HQ-OW-2017-0299","Rulemaking","2020-09-02T16:40:41Z","EPA","Maximum Contaminant Level Goals and National Primary Drinking Water Regulations for Lead and Copper","0b000064826050e2"
"EPA-HQ-OW-2018-0855","Nonrulemaking","2020-09-15T11:08:43Z","EPA","Clean Water Act Section 401 Water Quality Certification Pre-Proposal Recommendations","0b000064839c4fef"
"EPA-HQ-OPP-2020-0279","Nonrulemaking","2020-09-18T11:35:25Z","EPA","Pesticide Drinking Water Assessment Improvements","0b00006484604bea"
"EPA-R09-OW-2020-0359","Nonrulemaking","2020-09-30T16:48:06Z","EPA","Intent to Issue A Class I Underground Injection Control Permit for Chalk Cliff Limited","0b000064847317ef"
"EPA-HQ-OPP-2019-0417","Nonrulemaking","2020-10-13T16:32:07Z","EPA","FIFRA SAP: Notice of Public Meeting: Approaches for Quantitative Use of Surface Water Monitoring Data in Pesticide Drinking Water Assessments","0b00006483d77242"
"EPA-HQ-OW-2018-0149","Rulemaking","2020-10-27T14:35:14Z","EPA","Revised Definition of “Waters of the United States”","0b0000648300ee35"
"EPA-HQ-OPPT-2020-0070","Nonrulemaking","2020-10-28T10:58:19Z","EPA","C.I. Pigment Violet 29 (Anthra[2,1,9-def:6,5,10-d’e’f’]diisoquinoline-1,3,8,10(2H,9H)-tetrone) TSCA Section 4 Test Order","0b0000648431a3ef"
"EPA-HQ-OW-2020-0154","Rulemaking","2020-11-30T14:53:50Z","EPA","State of New Mexico Underground Injection Control Program; Primacy Revisions","0b000064844523d9"
"EPA-R08-SFUND-2020-0540","Nonrulemaking","2020-12-03T13:27:32Z","EPA","CERCLA Prospective Purchaser Administrative Settlement Agreement and Covenant Not to Sue, Lockwood Solvent Ground Water Plume Superfund Site, Billings, Montana","0b00006484919153"
"EPA-HQ-OW-2016-0351","Rulemaking","2020-12-09T17:26:16Z","EPA","Final Rule: Uniform National Discharge Standards for Vessels of the Armed Forces – Phase II – Batch Two","0b00006482046a1f"
"EPA-HQ-OLEM-2018-0830","Rulemaking","2020-12-09T17:28:16Z","EPA","Modernizing Ignitable Liquids Determinations","0b00006483983641"
"EPA-HQ-OW-2015-0680","Rulemaking","2020-12-09T17:28:52Z","EPA","Use of Lead Free Pipes, Fittings, Fixtures, Solder and Flux for Drinking Water","0b00006481caa14f"
"EPA-HQ-OECA-2019-0408","Rulemaking","2020-12-09T17:47:06Z","EPA","National Pollutant Discharge Elimination System (NPDES) Electronic Reporting Rule - Phase 2 Extension","0b00006483d5c8c7"
"EPA-HQ-OW-2019-0405","Rulemaking","2020-12-09T17:47:10Z","EPA","Updating Regulations on Water Quality Certification","0b00006483d55dc8"
"EPA-HQ-OW-2018-0780","Rulemaking","2020-12-09T17:47:33Z","EPA","National Primary Drinking Water Regulation for Perchlorate","0b000064838bc7cb"
"EPA-HQ-OGC-2020-0561","Nonrulemaking","2020-12-16T14:34:03Z","EPA","Northwest Environmental Advocates, et al v. EPA, No. 1:13-cv-263","0b0000648493b6b7"
"EPA-HQ-OW-2015-0804","Rulemaking","2020-12-21T08:34:08Z","EPA","Promulgation of Certain Federal Water Quality Standards Applicable to Maine","0b00006481d82d7d"
"EPA-HQ-OAR-2005-0079","Nonrulemaking","2020-12-30T15:13:45Z","EPA","Great Water Reports","0b000064800c0543"
